[{"model": "admin.logentry", "pk": 1, "fields": {"action_time": "2025-10-05T11:46:35.969Z", "user": 3, "content_type": 4, "object_id": "1", "object_repr": "piyu1234", "action_flag": 3, "change_message": ""}}, {"model": "admin.logentry", "pk": 2, "fields": {"action_time": "2025-10-05T11:46:55.109Z", "user": 3, "content_type": 3, "object_id": "1", "object_repr": "Patients", "action_flag": 1, "change_message": "[{\"added\": {}}]"}}, {"model": "admin.logentry", "pk": 3, "fields": {"action_time": "2025-10-05T11:47:02.263Z", "user": 3, "content_type": 3, "object_id": "2", "object_repr": "Doctors", "action_flag": 1, "change_message": "[{\"added\": {}}]"}}, {"model": "admin.logentry", "pk": 4, "fields": {"action_time": "2025-10-05T11:47:13.707Z", "user": 3, "content_type": 3, "object_id": "3", "object_repr": "Reciptionist", "action_flag": 1, "change_message": "[{\"added\": {}}]"}}, {"model": "admin.logentry", "pk": 5, "fields": {"action_time": "2025-10-05T11:47:19.730Z", "user": 3, "content_type": 3, "object_id": "4", "object_repr": "Admin", "action_flag": 1, "change_message": "[{\"added\": {}}]"}}, {"model": "admin.logentry", "pk": 6, "fields": {"action_time": "2025-10-05T13:04:14.004Z", "user": 3, "content_type": 4, "object_id": "2", "object_repr": "rohi1234", "action_flag": 2, "change_message": "[{\"changed\": {\"fields\": [\"Groups\"]}}]"}}, {"model": "admin.logentry", "pk": 7, "fields": {"action_time": "2025-10-14T16:01:44.054Z", "user": 3, "content_type": 4, "object_id": "3", "object_repr": "ayurx", "action_flag": 2, "change_message": "[{\"changed\": {\"fields\": [\"Groups\"]}}]"}}, {"model": "admin.logentry", "pk": 8, "fields": {"action_time": "2025-11-16T14:41:43.973Z", "user": 5, "content_type": 4, "object_id": "5", "object_repr": "piyu", "action_flag": 2, "change_message": "[{\"changed\": {\"fields\": [\"Groups\"]}}]"}}, {"model": "admin.logentry", "pk": 9, "fields": {"action_time": "2025-11-30T14:14:41.640Z", "user": 18, "content_type": 4, "object_id": "18", "object_repr": "ayurx123", "action_flag": 2, "change_message": "[{\"changed\": {\"fields\": [\"Groups\"]}}]"}}, {"model": "auth.group", "pk": 1, "fields": {"name": "Patients", "permissions": []}}, {"model": "auth.group", "pk": 2, "fields": {"name": "Doctors", "permissions": []}}, {"model": "auth.group", "pk": 3, "fields": {"name": "Reciptionist", "permissions": []}}, {"model": "auth.group", "pk": 4, "fields": {"name": "Admin", "permissions": []}}, {"model": "auth.user", "pk": 2, "fields": {"password": "pbkdf2_sha256$720000$fCoLm7mCQB7kaecTHARt9z$1ZRjxjKHd+H7DW0i//uL1yYfcXuoVNhUiMKrJDrXX6I=", "last_login": "2025-10-14T18:18:41.278Z", "is_superuser": false, "username": "rohi1234", "first_name": "rohit", "last_name": "saundalkar", "email": "rohitsaundalkar@gmail.com", "is_staff": false, "is_active": true, "date_joined": "2025-09-30T18:43:33Z", "groups": [1], "user_permissions": []}}, {"model": "auth.user", "pk": 3, "fields": {"password": "pbkdf2_sha256$720000$rFAhAGTuAZ9BUBJ1wW3mzc$BMKbI5QV7o/5DDjS4OEMU+lVOGYkZGPPGEa0rNTLWRA=", "last_login": "2025-10-14T18:17:48.478Z", "is_superuser": true, "username": "ayurx", "first_name": "", "last_name": "", "email": "ayur@example.com", "is_staff": true, "is_active": true, "date_joined": "2025-10-05T11:23:11Z", "groups": [4], "user_permissions": []}}, {"model": "auth.user", "pk": 4, "fields": {"password": "pbkdf2_sha256$720000$UW6nN5Ac4W54UkuXEfcIHk$0E1/n2uP14j5dpnHX8k965PTzMWMmQTOmkNRH13tRbQ=", "last_login": "2025-11-16T14:20:37.658Z", "is_superuser": true, "username": "piyush", "first_name": "", "last_name": "", "email": "example123@examples.com", "is_staff": true, "is_active": true, "date_joined": "2025-11-14T15:39:46.045Z", "groups": [], "user_permissions": []}}, {"model": "auth.user", "pk": 5, "fields": {"password": "pbkdf2_sha256$720000$syfvehT5fa3XQQchfbB1Wk$lgzPZ6mxHPPptI1OopJ55rL+OC9MRsed8EAv8bLwp24=", "last_login": "2025-11-20T17:29:04.659Z", "is_superuser": true, "username": "piyu", "first_name": "", "last_name": "", "email": "piyu12@example.com", "is_staff": true, "is_active": true, "date_joined": "2025-11-16T14:21:53Z", "groups": [4], "user_permissions": []}}, {"model": "auth.user", "pk": 14, "fields": {"password": "pbkdf2_sha256$720000$abIksYUvacvYnSHkx56q8S$iqjp/uANENZswzlpvtR9TiOYdqw0posW1g/asS1qOXk=", "last_login": null, "is_superuser": false, "username": "kalyan123", "first_name": "Rahul", "last_name": "Tripathi", "email": "rahul12@gmail.com", "is_staff": false, "is_active": true, "date_joined": "2025-11-16T19:59:19.208Z", "groups": [3], "user_permissions": []}}, {"model": "auth.user", "pk": 15, "fields": {"password": "pbkdf2_sha256$720000$U2VcAIGUbIB7ftdOz0zi0n$MDzOoR+8GwzSnpvlau/CdSOZewguKI+1Ruwq0bHH1w8=", "last_login": "2025-11-30T13:38:45.963Z", "is_superuser": false, "username": "ashirvad123", "first_name": "Saket", "last_name": "gokhale", "email": "saket123@gmail.com", "is_staff": false, "is_active": true, "date_joined": "2025-11-20T17:41:00.857Z", "groups": [3], "user_permissions": []}}, {"model": "auth.user", "pk": 16, "fields": {"password": "pbkdf2_sha256$720000$hdSv5iyC9IXHeA63f7VMH6$0nzB0IOG7Ls0C+iI+HtMyhpRfQEHhXK19S57h7qbTuU=", "last_login": null, "is_superuser": false, "username": "GamerANx123", "first_name": "piyush", "last_name": "surve", "email": "piyu12@example.com", "is_staff": false, "is_active": true, "date_joined": "2025-11-30T13:41:57.732Z", "groups": [], "user_permissions": []}}, {"model": "auth.user", "pk": 17, "fields": {"password": "pbkdf2_sha256$720000$GBXZE0rHAbi5PLLg3KU2dR$qlUGKg6SqIlAc92ecdU96GIMC21UCia+MCb1lVc4QIE=", "last_login": null, "is_superuser": false, "username": "india123@", "first_name": "rohit", "last_name": "saundalkar", "email": "rohitsaundalkar12@gmail.com", "is_staff": false, "is_active": true, "date_joined": "2025-11-30T14:06:15.717Z", "groups": [], "user_permissions": []}}, {"model": "auth.user", "pk": 18, "fields": {"password": "pbkdf2_sha256$720000$Tpo9AYZvUsRfD6hpax3bbC$8J+kfDlx06ck4tOMksJQU6JXAwQZdFMjqY7vkqqI6Hc=", "last_login": "2025-12-11T03:53:33.251Z", "is_superuser": true, "username": "ayurx123", "first_name": "", "last_name": "", "email": "ayur12@example.com", "is_staff": true, "is_active": true, "date_joined": "2025-11-30T14:11:56Z", "groups": [4], "user_permissions": []}}, {"model": "auth.user", "pk": 19, "fields": {"password": "pbkdf2_sha256$720000$e90H90PEyIb0JkfkVYccCQ$mkTgU8C6XrTZbVXEwPLQcpAZdvEX7JQggxFMvARgtFY=", "last_login": "2025-12-08T12:14:21.381Z", "is_superuser": false, "username": "chaintanya123", "first_name": "Edwin", "last_name": "Smith", "email": "edwin123@gmail.com", "is_staff": false, "is_active": true, "date_joined": "2025-11-30T14:20:04.188Z", "groups": [3], "user_permissions": []}}, {"model": "auth.user", "pk": 20, "fields": {"password": "pbkdf2_sha256$720000$cPY3SXZ0m2bk6YfWrrHPN5$UBurPvVfEpy8AfdRctYHcSlvmWOergCHPAqN6n5wtH4=", "last_login": null, "is_superuser": false, "username": "sachi123", "first_name": "sarthak", "last_name": "varandhkar", "email": "sarthaVarandhkar@123.com", "is_staff": false, "is_active": true, "date_joined": "2025-11-30T14:49:40.489Z", "groups": [], "user_permissions": []}}, {"model": "auth.user", "pk": 26, "fields": {"password": "pbkdf2_sha256$720000$M4lhZCgd1fXS7Zuo3gTjNC$2+6g2AakzX4Ra+KWSoW4ZWCCIpPD/cwHZ085B8ZvrKc=", "last_login": "2025-12-08T21:54:34.746Z", "is_superuser": false, "username": "piyush123", "first_name": "klein", "last_name": "morrite", "email": "piyushsurve986@gmail.com", "is_staff": false, "is_active": true, "date_joined": "2025-12-02T12:27:41.166Z", "groups": [1], "user_permissions": []}}, {"model": "auth.user", "pk": 27, "fields": {"password": "pbkdf2_sha256$720000$6IoryJDITjXi4iSdrKstnb$Hlo3ixyyh5V5+zibE/7mERg93EVBndyi7aLbfUgRyDc=", "last_login": "2025-12-10T18:19:24.905Z", "is_superuser": false, "username": "gandhi123", "first_name": "Bhavya", "last_name": "Gandhi", "email": "bhavya123@gmail.com", "is_staff": false, "is_active": true, "date_joined": "2025-12-02T14:31:24.724Z", "groups": [3], "user_permissions": []}}, {"model": "auth.user", "pk": 28, "fields": {"password": "pbkdf2_sha256$720000$10RqwwFh6Xd6ZWMdGHZN73$fnc/S7EVGZj9EF9ssnopx2CJGMxk9mT80ASW12FJ0S8=", "last_login": null, "is_superuser": false, "username": "rahul123", "first_name": "Rahul", "last_name": "Dravid", "email": "rahul12@example.com", "is_staff": false, "is_active": true, "date_joined": "2025-12-02T14:33:47.683Z", "groups": [], "user_permissions": []}}, {"model": "auth.user", "pk": 29, "fields": {"password": "pbkdf2_sha256$720000$EO6QnPKOd112ofbowA9bo0$9cQAPAvq9K5uuCXQjLkr7ksHaYy9aLhP1nX3CLz8T6w=", "last_login": null, "is_superuser": false, "username": "samarth1", "first_name": "samarth", "last_name": "sharma", "email": "yogaayurvediccare@gmail.com", "is_staff": false, "is_active": true, "date_joined": "2025-12-08T11:12:04.287Z", "groups": [1], "user_permissions": []}}, {"model": "auth.user", "pk": 30, "fields": {"password": "pbkdf2_sha256$720000$iVVvLQqk6ZchNgZHKAMTRJ$msCr6mmxfvDpVcjGIurLh+M2ziv3miF63AMz8TGJiJs=", "last_login": "2025-12-10T18:33:57.973Z", "is_superuser": false, "username": "saurav123", "first_name": "saurav", "last_name": "shinghade", "email": "shingadesaurav2001@gmail.com", "is_staff": false, "is_active": true, "date_joined": "2025-12-08T21:52:09.637Z", "groups": [1], "user_permissions": []}}, {"model": "auth.user", "pk": 31, "fields": {"password": "pbkdf2_sha256$720000$Lh55HUEFB1plsVTfMtaDB2$nBYJAi+l3w5N2TXL7Nn9lTR92+JGgPFZP5lXCi7I954=", "last_login": null, "is_superuser": false, "username": "sachin", "first_name": "sachin", "last_name": "tendulkar", "email": "sachin1@gmail.com", "is_staff": false, "is_active": true, "date_joined": "2025-12-10T18:18:45.024Z", "groups": [], "user_permissions": []}}, {"model": "auth.user", "pk": 32, "fields": {"password": "pbkdf2_sha256$720000$RuVHegw5BPQ57pdSz0l1zJ$c9klbtvTldty0pj9bJgqP58G0POCYZHwB38a48RGDSQ=", "last_login": "2025-12-10T18:34:46.033Z", "is_superuser": false, "username": "aiims1", "first_name": "saurav", "last_name": "shingade", "email": "saurav1@gmail.com", "is_staff": false, "is_active": true, "date_joined": "2025-12-10T18:27:34.298Z", "groups": [3], "user_permissions": []}}, {"model": "auth.user", "pk": 33, "fields": {"password": "pbkdf2_sha256$720000$sJSMECs6UODQEkj5R5FIHE$stg0TtYE8wRZWLm0d3hxms4C6q1q+8jAkAGKXHe73wY=", "last_login": null, "is_superuser": false, "username": "dhoni", "first_name": "mahindra singh", "last_name": "dhoni", "email": "dhoni1@gmail.com", "is_staff": false, "is_active": true, "date_joined": "2025-12-10T18:33:16.748Z", "groups": [], "user_permissions": []}}, {"model": "AyurX.appointment", "pk": 7, "fields": {"patient": 3, "doctor": 3, "hospital": 4, "status": "Rejected", "appointment_date": "2025-12-10", "appointment_time": "08:23:00", "symptoms": "Not Known", "created_at": "2025-12-02T14:22:02.141Z"}}, {"model": "AyurX.appointment", "pk": 8, "fields": {"patient": 3, "doctor": 4, "hospital": 5, "status": "Confirmed", "appointment_date": "2025-12-17", "appointment_time": "09:16:00", "symptoms": "Cold", "created_at": "2025-12-02T15:14:41.107Z"}}, {"model": "AyurX.appointment", "pk": 11, "fields": {"patient": 5, "doctor": 4, "hospital": 5, "status": "Confirmed", "appointment_date": "2025-12-03", "appointment_time": "10:16:00", "symptoms": "Cold  and fever", "created_at": "2025-12-10T18:16:03.507Z"}}, {"model": "AyurX.appointment", "pk": 12, "fields": {"patient": 5, "doctor": 6, "hospital": 6, "status": "Rejected", "appointment_date": "2025-12-11", "appointment_time": "12:34:00", "symptoms": "not knowing", "created_at": "2025-12-10T18:34:14.132Z"}}, {"model": "AyurX.patients", "pk": 2, "fields": {"user_id": 2, "phone": "+919323432194", "address": "qwddwdwwq", "date_of_birth": "2025-09-18"}}, {"model": "AyurX.patients", "pk": 3, "fields": {"user_id": 26, "phone": "+911234567890", "address": "Virar East", "date_of_birth": "2025-12-19"}}, {"model": "AyurX.patients", "pk": 4, "fields": {"user_id": 29, "phone": "+911234567890", "address": "Virar East", "date_of_birth": "2025-09-18"}}, {"model": "AyurX.patients", "pk": 5, "fields": {"user_id": 30, "phone": "+911234567890", "address": "Nalasopara east", "date_of_birth": "2025-12-08"}}, {"model": "AyurX.hospital", "pk": 4, "fields": {"name": "Chaitanya", "address": "Virar East", "phone": "+911234567890", "email": "chaintanya23@gmail.com", "image_url": "https://chaitanyahospital.co/htmlFiles/assets/img/gallery/CH_Bldg.jpg", "created_at": "2025-11-30T14:18:56.141Z"}}, {"model": "AyurX.hospital", "pk": 5, "fields": {"name": "Gandhi Hospital", "address": "Laxman Mhatre Road, Mumbai, Maharashtra 400091", "phone": "+911234567890", "email": "gandhi123@gmail.com", "image_url": "https://tse1.mm.bing.net/th/id/OIP.NHTDxhIwLvdnINuud5ANAQHaEA?rs=1&pid=ImgDetMain&o=7&rm=3", "created_at": "2025-12-02T14:30:16.611Z"}}, {"model": "AyurX.hospital", "pk": 6, "fields": {"name": "AIIMS", "address": "delhi", "phone": "+911234567890", "email": "aiims1@gmail.com", "image_url": "https://ordindia.in/wp-content/uploads/2024/07/AIIMS-Delhi-Pic.webp", "created_at": "2025-12-10T18:25:42.761Z"}}, {"model": "AyurX.receptionist", "pk": 3, "fields": {"user": 19, "hospital": 4, "phone": "+911234567890", "created_at": "2025-11-30T14:20:04.781Z"}}, {"model": "AyurX.receptionist", "pk": 4, "fields": {"user": 27, "hospital": 5, "phone": "+911234567890", "created_at": "2025-12-02T14:31:25.368Z"}}, {"model": "AyurX.receptionist", "pk": 5, "fields": {"user": 32, "hospital": 6, "phone": "+911234567890", "created_at": "2025-12-10T18:27:41.159Z"}}, {"model": "AyurX.doctor", "pk": 3, "fields": {"user": 20, "hospital": 4, "added_by": 3, "speciality": "Dermitologist", "phone": "+912314567890", "image_url": "https://static.vecteezy.com/system/resources/previews/026/375/249/non_2x/ai-generative-portrait-of-confident-male-doctor-in-white-coat-and-stethoscope-standing-with-arms-crossed-and-looking-at-camera-photo.jpg", "available_from": "08:50:00", "available_to": "18:58:00"}}, {"model": "AyurX.doctor", "pk": 4, "fields": {"user": 28, "hospital": 5, "added_by": 4, "speciality": "Pythologist", "phone": "+911234567890", "image_url": "https://tse3.mm.bing.net/th/id/OIP.To1f5WwwIWnHMc4hAXCVGAAAAA?rs=1&pid=ImgDetMain&o=7&rm=3", "available_from": "06:35:00", "available_to": "06:37:00"}}, {"model": "AyurX.doctor", "pk": 5, "fields": {"user": 31, "hospital": 5, "added_by": 4, "speciality": "Dermitologist", "phone": "+911234567890", "image_url": "https://tse2.mm.bing.net/th/id/OIP.sPZbUQJlAItaqE5a_N-WQwHaE8?cb=ucfimg2&ucfimg=1&rs=1&pid=ImgDetMain&o=7&rm=3", "available_from": "12:18:00", "available_to": "10:19:00"}}, {"model": "AyurX.doctor", "pk": 6, "fields": {"user": 33, "hospital": 6, "added_by": 5, "speciality": "Dermitologist", "phone": "+911234567890", "image_url": "https://media.assettype.com/freepressjournal/2024-01/bd478bb5-f92e-4f1f-b97e-fb7f24ec7f1d/FuSySHlaUAQD0YD.jpg", "available_from": "10:33:00", "available_to": "10:35:00"}}]